NAME OF DATA ELEMENT,dev-category,developer-friendly name,VARIABLE NAME,VALUE,LABEL,NOTES,,
Institution name,school,name,NAME,,,,,
City,school,city,CITY,,,,,
State postcode,school,state,STABBR,,,,,
ZIP code,school,zip,ZIP,,,,,
Accreditor for institution,school,accreditor,AccredAgency,,,,,
URL for institution's homepage,school,school_url,INSTURL,,,,,
URL for institution's net price calculator,school,price_calculator_url,NPCURL,,,,,
Predominant degree awarded (recoded 0s and 4s),school,degrees_awarded.predominant_recoded,sch_deg, ,,"Missing values, 0s, and 4s from PREDDEG recoded according to NSLDS program length",,
Flag for main campus,school,main_campus,main,0,Not main campus,,,
,school,,,1,Main campus,,,
Number of branch campuses,school,branches,NUMBRANCH,,,,,
"Predominant degree awarded
0        Not classified
1        Predominantly certificate-degree granting
2        Predominantly associate's-degree granting
3        Predominantly bachelor's-degree granting
4        Entirely graduate-degree granting",school,degrees_awarded.predominant,PREDDEG,0,Not classified,,,
,school,,,1,Predominantly certificate-degree granting,,,
,school,,,2,Predominantly associate's-degree granting,,,
,school,,,3,Predominantly bachelor's-degree granting,,,
,school,,,4,Entirely graduate-degree granting,,,
"Highest degree awarded
0        Non-degree-granting
1        Certificate degree
2        Associate degree
3        Bachelor's degree
4        Graduate degree",school,degrees_awarded.highest,HIGHDEG,0,Non-degree-granting,,,
,school,,,1,Certificate degree,,,
,school,,,2,Associate degree,,,
,school,,,3,Bachelor's degree,,,
,school,,,4,Graduate degree,,,
Control of institution,school,ownership,CONTROL,1,Public,,,
,school,,,2,Private nonprofit,,,
,school,,,3,Private for-profit,,,
Locale of institution,school,locale,LOCALE,11,"City: Large (population of 250,000 or more)",,,
,school,,,12,"City: Midsize (population of at least 100,000 but less than 250,000)",,,
,school,,,13,"City: Small (population less than 100,000)",,,
,school,,,21,"Suburb: Large (outside principal city, in urbanized area with population of 250,000 or more)",,,
,school,,,22,"Suburb: Midsize (outside principal city, in urbanized area with population of at least 100,000 but less than 250,000)",,,
,school,,,23,"Suburb: Small (outside principal city, in urbanized area with population less than 100,000)",,,
,school,,,31,Town: Fringe (in urban cluster up to 10 miles from an urbanized area),,,
,school,,,32,Town: Distant (in urban cluster more than 10 miles and up to 35 miles from an urbanized area),,,
,school,,,33,Town: Remote (in urban cluster more than 35 miles from an urbanized area),,,
,school,,,41,Rural: Fringe (rural territory up to 5 miles from an urbanized area or up to 2.5 miles from an urban cluster),,,
,school,,,42,Rural: Distant (rural territory more than 5 miles but up to 25 miles from an urbanized area or more than 2.5 and up to 10 miles from an urban cluster),,,
,school,,,43,Rural: Remote (rural territory more than 25 miles from an urbanized area and more than 10 miles from an urban cluster),,,
Degree of urbanization of institution,school,degree_urbanization,locale2,1,"Large City (a central city of a CMSA or MSA, with the city having a population greater than or equal to 250,000)",Not available after 2005,,
,school,,,2,"Mid-Size City (a central city of a CMSA or MSA, with the city having a population less than 250,000)",,,
,school,,,3,Urban Fringe of a Large City (any territory within a CMSA or MSA of a Large City and defined as urban by the Census Bureau),,,
,school,,,4,Urban Fringe of a Mid-Size City (any territory within a CMSA or MSA of a Mid-Size City and defined as urban by the Census Bureau),,,
,school,,,5,"Large Town (an incorporated place or Census-designated place with a population greater than or equal to 25,000 and located outside a CMSA or MSA)",,,
,school,,,6,"Small Town (an incorporated place or Census-designated place with a population less than 25,000 and greater than or equal to 2,500 and located outside a CMSA or MSA)",,,
,school,,,7,"Rural, Outside MSA (any territory designated as rural by the Census Bureau that is outside a CMSA or MSA of a Large or Mid-Size City)",,,
,school,,,8,"Rural, Inside MSA (any territory designated as rural by the Census Bureau that is within a CMSA or MSA of a Large or Mid-Size City)",,,
Latitude,root,location.lat,LATITUDE,,,,,
Longitude,root,location.lon,LONGITUDE,,,,,
Carnegie Classification -- basic,school,carnegie_basic,CCBASIC,0,Not classified,,,
,school,,,1,Associate's--Public Rural-serving Small,,,
,school,,,2,Associate's--Public Rural-serving Medium,,,
,school,,,3,Associate's--Public Rural-serving Large,,,
,school,,,4,Associate's--Public Suburban-serving Single Campus,,,
,school,,,5,Associate's--Public Suburban-serving Multicampus,,,
,school,,,6,Associate's--Public Urban-serving Single Campus,,,
,school,,,7,Associate's--Public Urban-serving Multicampus,,,
,school,,,8,Associate's--Public Special Use,,,
,school,,,9,Associate's--Private Not-for-profit,,,
,school,,,10,Associate's--Private For-profit,,,
,school,,,11,Associate's--Public 2-year colleges under 4-year universities,,,
,school,,,12,Associate's--Public 4-year Primarily Associate's,,,
,school,,,13,Associate's--Private Not-for-profit 4-year Primarily Associate's,,,
,school,,,14,Associate's--Private For-profit 4-year Primarily Associate's,,,
,school,,,15,Research Universities (very high research activity),,,
,school,,,16,Research Universities (high research activity),,,
,school,,,17,Doctoral/Research Universities,,,
,school,,,18,Master's Colleges and Universities (larger programs),,,
,school,,,19,Master's Colleges and Universities (medium programs),,,
,school,,,20,Master's Colleges and Universities (smaller programs),,,
,school,,,21,Baccalaureate Colleges--Arts & Sciences,,,
,school,,,22,Baccalaureate Colleges--Diverse Fields,,,
,school,,,23,Baccalaureate/Associate's Colleges,,,
,school,,,24,"Special Focus Institutions--Theological seminaries, Bible colleges, and other faith-related institutions",,,
,school,,,25,Special Focus Institutions--Medical schools and medical centers,,,
,school,,,26,Special Focus Institutions--Other health professions schools,,,
,school,,,27,Special Focus Institutions--Schools of engineering,,,
,school,,,28,Special Focus Institutions--Other technology-related schools,,,
,school,,,29,Special Focus Institutions--Schools of business and management,,,
,school,,,30,"Special Focus Institutions--Schools of art, music, and design",,,
,school,,,31,Special Focus Institutions--Schools of law,,,
,school,,,32,Special Focus Institutions--Other special-focus institutions,,,
,school,,,33,Tribal Colleges,,,
Flag for Historically Black College and University,school,minority_serving.historically_black,HBCU,0,No,,,
,,,,1,Yes,,,
Flag for predominantly black institution,school,minority_serving.predominantly_black,PBI,0,No,,,
,,,,1,Yes,,,
Flag for tribal college and university,school,minority_serving.tribal,TRIBAL,0,No,,,
,,,,1,Yes,,,
Flag for Asian American Native American Pacific Islander-serving institution,school,minority_serving.aanipi,AANAPII,0,No,,,
,,,,1,Yes,,,
Flag for Native American non-tribal institution,school,minority_serving.nant,NANTI,0,No,,,
,,,,1,Yes,,,
Flag for men-only college,school,men_only,MENONLY,0,No,,,
,,,,1,Yes,,,
Flag for women-only college,school,women_only,WOMENONLY,0,No,,,
,,,,1,Yes,,,
Religous affiliation of the institution,school,religious_affiliation,RELAFFIL,-1,Not reported,,,
,,,,-2,Not applicable,,,
,,,,22,American Evangelical Lutheran Church,,,
,,,,24,African Methodist Episcopal Zion Church,,,
,,,,27,Assemblies of God Church,,,
,,,,28,Brethren Church,,,
,,,,30,Roman Catholic,,,
,,,,33,Wisconsin Evangelical Lutheran Synod,,,
,,,,34,Christ and Missionary Alliance Church,,,
,,,,35,Christian Reformed Church,,,
,,,,36,Evangelical Congregational Church,,,
,,,,37,Evangelical Covenant Church of America,,,
,,,,38,Evangelical Free Church of America,,,
,,,,39,Evangelical Lutheran Church,,,
,,,,40,International United Pentecostal Church,,,
,,,,41,Free Will Baptist Church,,,
,,,,42,Interdenominational,,,
,,,,43,Mennonite Brethren Church,,,
,,,,44,Moravian Church,,,
,,,,45,North American Baptist,,,
,,,,47,Pentecostal Holiness Church,,,
,,,,48,Christian Churches and Churches of Christ,,,
,,,,49,Reformed Church in America,,,
,,,,50,"Episcopal Church, Reformed",,,
,,,,51,African Methodist Episcopal,,,
,,,,52,American Baptist,,,
,,,,53,American Lutheran,,,
,,,,54,Baptist,,,
,,,,55,Christian Methodist Episcopal,,,
,,,,57,Church of God,,,
,,,,58,Church of Brethren,,,
,,,,59,Church of the Nazarene,,,
,,,,60,Cumberland Presbyterian,,,
,,,,61,Christian Church (Disciples of Christ),,,
,,,,64,Free Methodist,,,
,,,,65,Friends,,,
,,,,66,Presbyterian Church (USA),,,
,,,,67,Lutheran Church in America,,,
,,,,68,Lutheran Church - Missouri Synod,,,
,,,,69,Mennonite Church,,,
,,,,71,United Methodist,,,
,,,,73,Protestant Episcopal,,,
,,,,74,Churches of Christ,,,
,,,,75,Southern Baptist,,,
,,,,76,United Church of Christ,,,
,,,,77,"Protestant, not specified",,,
,,,,78,Multiple Protestant Denomination,,,
,,,,79,Other Protestant,,,
,,,,80,Jewish,,,
,,,,81,Reformed Presbyterian Church,,,
,,,,84,United Brethren Church,,,
,,,,87,Missionary Church Inc,,,
,,,,88,Undenominational,,,
,,,,89,Wesleyan,,,
,,,,91,Greek Orthodox,,,
,,,,92,Russian Orthodox,,,
,,,,93,Unitarian Universalist,,,
,,,,94,Latter Day Saints (Mormon Church),,,
,,,,95,Seventh Day Adventists,,,
,,,,97,The Presbyterian Church in America,,,
,,,,99,Other (none of the above),,,
,,,,100,Original Free Will Baptist,,,
,,,,101,Ecumenical Christian,,,
,,,,102,Evangelical Christian,,,
,,,,103,Presbyterian,,,
Admission rate,admissions,admission_rate.overall,ADM_RATE,,,,,
25th percentile of SAT scores at the institution (critical reading),admissions,sat_scores.25th_percentile.critical_reading,SATVR25,,,,,
75th percentile of SAT scores at the institution (critical reading),admissions,sat_scores.75th_percentile.critical_reading,SATVR75,,,,,
25th percentile of SAT scores at the institution (math),admissions,sat_scores.25th_percentile.math,SATMT25,,,,,
75th percentile of SAT scores at the institution (math),admissions,sat_scores.75th_percentile.math,SATMT75,,,,,
25th percentile of SAT scores at the institution (writing),admissions,sat_scores.25th_percentile.writing,SATWR25,,,,,
75th percentile of SAT scores at the institution (writing),admissions,sat_scores.75th_percentile.writing,SATWR75,,,,,
Midpoint of SAT scores at the institution (critical reading),admissions,sat_scores.midpoint.critical_reading,SATVRMID,,,,,
Midpoint of SAT scores at the institution (math),admissions,sat_scores.midpoint.math,SATMTMID,,,,,
Midpoint of SAT scores at the institution (writing),admissions,sat_scores.midpoint.writing,SATWRMID,,,,,
25th percentile of the ACT cumulative score,admissions,act_scores.25th_percentile.cumulative,ACTCM25,,,,,
75th percentile of the ACT cumulative score,admissions,act_scores.75th_percentile.cumulative,ACTCM75,,,,,
25th percentile of the ACT English score,admissions,act_scores.25th_percentile.english,ACTEN25,,,,,
75th percentile of the ACT English score,admissions,act_scores.75th_percentile.english,ACTEN75,,,,,
25th percentile of the ACT math score,admissions,act_scores.25th_percentile.math,ACTMT25,,,,,
75th percentile of the ACT math score,admissions,act_scores.75th_percentile.math,ACTMT75,,,,,
25th percentile of the ACT writing score,admissions,act_scores.25th_percentile.writing,ACTWR25,,,,,
75th percentile of the ACT writing score,admissions,act_scores.75th_percentile.writing,ACTWR75,,,,,
Midpoint of the ACT cumulative score,admissions,act_scores.midpoint.cumulative,ACTCMMID,,,,,
Midpoint of the ACT English score,admissions,act_scores.midpoint.english,ACTENMID,,,,,
Midpoint of the ACT math score,admissions,act_scores.midpoint.math,ACTMTMID,,,,,
Midpoint of the ACT writing score,admissions,act_scores.midpoint.writing,ACTWRMID,,,,,
Average SAT equivalent score of students admitted,admissions,sat_scores.average.overall,SAT_AVG,,,,,
Average SAT equivalent score of students admitted for all campuses rolled up to the 6-digit OPE ID,admissions,sat_scores.average.by_ope_id,SAT_AVG_ALL,,,,,
"Percentage of degrees awarded in Agriculture, Agriculture Operations, And Related Sciences.",academics,program_percentage.agriculture,PCIP01,,"Agriculture, Agriculture Operations, and Related Sciences",,,
Percentage of degrees awarded in Natural Resources And Conservation.,academics,program_percentage.resources,PCIP03,,Natural Resources and Conservation,,,
Percentage of degrees awarded in Architecture And Related Services.,academics,program_percentage.architecture,PCIP04,,Architecture and Related Services,,,
"Percentage of degrees awarded in Area, Ethnic, Cultural, Gender, And Group Studies.",academics,program_percentage.ethnic_cultural_gender,PCIP05,,"Area, Ethnic, Cultural, Gender, and Group Studies",,,
"Percentage of degrees awarded in Communication, Journalism, And Related Programs.",academics,program_percentage.communication,PCIP09,,"Communication, Journalism, and Related Programs",,,
Percentage of degrees awarded in Communications Technologies/Technicians And Support Services.,academics,program_percentage.communications_technology,PCIP10,,Communications Technologies/Technicians and Support Services,,,
Percentage of degrees awarded in Computer And Information Sciences And Support Services.,academics,program_percentage.computer,PCIP11,,Computer and Information Sciences and Support Services,,,
Percentage of degrees awarded in Personal And Culinary Services.,academics,program_percentage.personal_culinary,PCIP12,,Personal and Culinary Services,,,
Percentage of degrees awarded in Education.,academics,program_percentage.education,PCIP13,,Education,,,
Percentage of degrees awarded in Engineering.,academics,program_percentage.engineering,PCIP14,,Engineering,,,
Percentage of degrees awarded in Engineering Technologies And Engineering-Related Fields.,academics,program_percentage.engineering_technology,PCIP15,,Engineering Technologies and Engineering-Related Fields,,,
"Percentage of degrees awarded in Foreign Languages, Literatures, And Linguistics.",academics,program_percentage.language,PCIP16,,"Foreign Languages, Literatures, and Linguistics",,,
Percentage of degrees awarded in Family And Consumer Sciences/Human Sciences.,academics,program_percentage.family_consumer_science,PCIP19,,Family and Consumer Sciences/Human Sciences,,,
Percentage of degrees awarded in Legal Professions And Studies.,academics,program_percentage.legal,PCIP22,,Legal Professions and Studies,,,
Percentage of degrees awarded in English Language And Literature/Letters.,academics,program_percentage.english,PCIP23,,English Language and Literature/Letters,,,
"Percentage of degrees awarded in Liberal Arts And Sciences, General Studies And Humanities.",academics,program_percentage.humanities,PCIP24,,"Liberal Arts and Sciences, General Studies and Humanities",,,
Percentage of degrees awarded in Library Science.,academics,program_percentage.library,PCIP25,,Library Science,,,
Percentage of degrees awarded in Biological And Biomedical Sciences.,academics,program_percentage.biological,PCIP26,,Biological and Biomedical Sciences,,,
Percentage of degrees awarded in Mathematics And Statistics.,academics,program_percentage.mathematics,PCIP27,,Mathematics and Statistics,,,
Percentage of degrees awarded in Military Technologies And Applied Sciences.,academics,program_percentage.military,PCIP29,,Military Technologies and Applied Sciences,,,
Percentage of degrees awarded in Multi/Interdisciplinary Studies.,academics,program_percentage.multidiscipline,PCIP30,,Multi/Interdisciplinary Studies,,,
"Percentage of degrees awarded in Parks, Recreation, Leisure, And Fitness Studies.",academics,program_percentage.parks_recreation_fitness,PCIP31,,"Parks, Recreation, Leisure, and Fitness Studies",,,
Percentage of degrees awarded in Philosophy And Religious Studies.,academics,program_percentage.philosophy_religious,PCIP38,,Philosophy and Religious Studies,,,
Percentage of degrees awarded in Theology And Religious Vocations.,academics,program_percentage.theology_religious_vocation,PCIP39,,Theology and Religious Vocations,,,
Percentage of degrees awarded in Physical Sciences.,academics,program_percentage.physical_science,PCIP40,,Physical Sciences,,,
Percentage of degrees awarded in Science Technologies/Technicians.,academics,program_percentage.science_technology,PCIP41,,Science Technologies/Technicians,,,
Percentage of degrees awarded in Psychology.,academics,program_percentage.psychology,PCIP42,,Psychology,,,
"Percentage of degrees awarded in Homeland Security, Law Enforcement, Firefighting And Related Protective Services.",academics,program_percentage.security_law_enforcement,PCIP43,,"Homeland Security, Law Enforcement, Firefighting and Related Protective Services",,,
Percentage of degrees awarded in Public Administration And Social Service Professions.,academics,program_percentage.public_administration_social_service,PCIP44,,Public Administration and Social Service Professions,,,
Percentage of degrees awarded in Social Sciences.,academics,program_percentage.social_science,PCIP45,,Social Sciences,,,
Percentage of degrees awarded in Construction Trades.,academics,program_percentage.construction,PCIP46,,Construction Trades,,,
Percentage of degrees awarded in Mechanic And Repair Technologies/Technicians.,academics,program_percentage.mechanic_repair_technology,PCIP47,,Mechanic and Repair Technologies/Technicians,,,
Percentage of degrees awarded in Precision Production.,academics,program_percentage.precision_production,PCIP48,,Precision Production,,,
Percentage of degrees awarded in Transportation And Materials Moving.,academics,program_percentage.transportation,PCIP49,,Transportation and Materials Moving,,,
Percentage of degrees awarded in Visual And Performing Arts.,academics,program_percentage.visual_performing,PCIP50,,Visual and Performing Arts,,,
Percentage of degrees awarded in Health Professions And Related Programs.,academics,program_percentage.health,PCIP51,,Health Professions and Related Programs,,,
"Percentage of degrees awarded in Business, Management, Marketing, And Related Support Services.",academics,program_percentage.business_marketing,PCIP52,,"Business, Management, Marketing, and Related Support Services",,,
Percentage of degrees awarded in History.,academics,program_percentage.history,PCIP54,,History,,,
"Associate degree in Agriculture, Agriculture Operations, And Related Sciences.",academics,program.assoc.agriculture,CIP01ASSOC,2,Program offered through an exclusively distance-education program,,,
"Awards of at least two but less than four academic years in Agriculture, Agriculture Operations, And Related Sciences.",academics,program.certificate_lt_4_yr.agriculture,CIP01CERT4,,,,,
"Bachelor's degree in Agriculture, Agriculture Operations, And Related Sciences.",academics,program.bachelors.agriculture,CIP01BACHL,,,,,
Certificate of less than one academic year in Natural Resources And Conservation.,academics,program.certificate_lt_1_yr.resources,CIP03CERT1,,,,,
Certificate of at least one but less than two academic years in Natural Resources And Conservation.,academics,program.certificate_lt_2_yr.resources,CIP03CERT2,,,,,
Associate degree in Natural Resources And Conservation.,academics,program.assoc.resources,CIP03ASSOC,,,,,
Award of at least two but less than four academic years in Natural Resources And Conservation.,academics,program.certificate_lt_4_yr.resources,CIP03CERT4,,,,,
Bachelor's degree in Natural Resources And Conservation.,academics,program.bachelors.resources,CIP03BACHL,,,,,
Certificate of less than one academic year in Architecture And Related Services.,academics,program.certificate_lt_1_yr.architecture,CIP04CERT1,,,,,
Certificate of at least one but less than two academic years in Architecture And Related Services.,academics,program.certificate_lt_2_yr.architecture,CIP04CERT2,,,,,
Associate degree in Architecture And Related Services.,academics,program.assoc.architecture,CIP04ASSOC,,,,,
Award of more than two but less than four academic years in Architecture And Related Services.,academics,program.certificate_lt_4_yr.architecture,CIP04CERT4,,,,,
Bachelor's degree in Architecture And Related Services.,academics,program.bachelors.architecture,CIP04BACHL,,,,,
"Certificate of less than one academic year in Area, Ethnic, Cultural, Gender, And Group Studies.",academics,program.certificate_lt_1_yr.ethnic_cultural_gender,CIP05CERT1,,,,,
"Certificate of at least one but less than two academic years in Area, Ethnic, Cultural, Gender, And Group Studies.",academics,program.certificate_lt_2_yr.ethnic_cultural_gender,CIP05CERT2,,,,,
"Associate degree in Area, Ethnic, Cultural, Gender, And Group Studies.",academics,program.assoc.ethnic_cultural_gender,CIP05ASSOC,,,,,
"Award of more than two but less than four academic years in Area, Ethnic, Cultural, Gender, And Group Studies.",academics,program.certificate_lt_4_yr.ethnic_cultural_gender,CIP05CERT4,,,,,
"Bachelor's degree in Area, Ethnic, Cultural, Gender, And Group Studies.",academics,program.bachelors.ethnic_cultural_gender,CIP05BACHL,,,,,
"Certificate of less than one academic year in Communication, Journalism, And Related Programs.",academics,program.certificate_lt_1_yr.communication,CIP09CERT1,,,,,
"Certificate of at least one but less than two academic years in Communication, Journalism, And Related Programs.",academics,program.certificate_lt_2_yr.communication,CIP09CERT2,,,,,
"Associate degree in Communication, Journalism, And Related Programs.",academics,program.assoc.communication,CIP09ASSOC,,,,,
"Award of more than two but less than four academic years in Communication, Journalism, And Related Programs.",academics,program.certificate_lt_4_yr.communication,CIP09CERT4,,,,,
"Bachelor's degree in Communication, Journalism, And Related Programs.",academics,program.bachelors.communication,CIP09BACHL,,,,,
Certificate of less than one academic year in Communications Technologies/Technicians And Support Services.,academics,program.certificate_lt_1_yr.communications_technology,CIP10CERT1,,,,,
Certificate of at least one but less than two academic years in Communications Technologies/Technicians And Support Services.,academics,program.certificate_lt_2_yr.communications_technology,CIP10CERT2,,,,,
Associate degree in Communications Technologies/Technicians And Support Services.,academics,program.assoc.communications_technology,CIP10ASSOC,,,,,
Award of more than two but less than four academic years in Communications Technologies/Technicians And Support Services.,academics,program.certificate_lt_4_yr.communications_technology,CIP10CERT4,,,,,
Bachelor's degree in Communications Technologies/Technicians And Support Services.,academics,program.bachelors.communications_technology,CIP10BACHL,,,,,
Certificate of less than one academic year in Computer And Information Sciences And Support Services.,academics,program.certificate_lt_1_yr.computer,CIP11CERT1,,,,,
Certificate of at least one but less than two academic years in Computer And Information Sciences And Support Services.,academics,program.certificate_lt_2_yr.computer,CIP11CERT2,,,,,
Associate degree in Computer And Information Sciences And Support Services.,academics,program.assoc.computer,CIP11ASSOC,,,,,
Award of more than two but less than four academic years in Computer And Information Sciences And Support Services.,academics,program.certificate_lt_4_yr.computer,CIP11CERT4,,,,,
Bachelor's degree in Computer And Information Sciences And Support Services.,academics,program.bachelors.computer,CIP11BACHL,,,,,
Certificate of less than one academic year in Personal And Culinary Services.,academics,program.certificate_lt_1_yr.personal_culinary,CIP12CERT1,,,,,
Certificate of at least one but less than two academic years in Personal And Culinary Services.,academics,program.certificate_lt_2_yr.personal_culinary,CIP12CERT2,,,,,
Associate degree in Personal And Culinary Services.,academics,program.assoc.personal_culinary,CIP12ASSOC,,,,,
Award of more than two but less than four academic years in Personal And Culinary Services.,academics,program.certificate_lt_4_yr.personal_culinary,CIP12CERT4,,,,,
Bachelor's degree in Personal And Culinary Services.,academics,program.bachelors.personal_culinary,CIP12BACHL,,,,,
Certificate of less than one academic year in Education.,academics,program.certificate_lt_1_yr.education,CIP13CERT1,,,,,
Certificate of at least one but less than two academic years in Education.,academics,program.certificate_lt_2_yr.education,CIP13CERT2,,,,,
Associate degree in Education.,academics,program.assoc.education,CIP13ASSOC,,,,,
Award of more than two but less than four academic years in Education.,academics,program.certificate_lt_4_yr.education,CIP13CERT4,,,,,
Bachelor's degree in Education.,academics,program.bachelors.education,CIP13BACHL,,,,,
Certificate of less than one academic year in Engineering.,academics,program.certificate_lt_1_yr.engineering,CIP14CERT1,,,,,
Certificate of at least one but less than two academic years in Engineering.,academics,program.certificate_lt_2_yr.engineering,CIP14CERT2,,,,,
Associate degree in Engineering.,academics,program.assoc.engineering,CIP14ASSOC,,,,,
Award of more than two but less than four academic years in Engineering.,academics,program.certificate_lt_4_yr.engineering,CIP14CERT4,,,,,
Bachelor's degree in Engineering.,academics,program.bachelors.engineering,CIP14BACHL,,,,,
Certificate of less than one academic year in Engineering Technologies And Engineering-Related Fields.,academics,program.certificate_lt_1_yr.engineering_technology,CIP15CERT1,,,,,
Certificate of at least one but less than two academic years in Engineering Technologies And Engineering-Related Fields.,academics,program.certificate_lt_2_yr.engineering_technology,CIP15CERT2,,,,,
Associate degree in Engineering Technologies And Engineering-Related Fields.,academics,program.assoc.engineering_technology,CIP15ASSOC,,,,,
Award of more than two but less than four academic years in Engineering Technologies And Engineering-Related Fields.,academics,program.certificate_lt_4_yr.engineering_technology,CIP15CERT4,,,,,
Bachelor's degree in Engineering Technologies And Engineering-Related Fields.,academics,program.bachelors.engineering_technology,CIP15BACHL,,,,,
"Certificate of less than one academic year in Foreign Languages, Literatures, And Linguistics.",academics,program.certificate_lt_1_yr.language,CIP16CERT1,,,,,
"Certificate of at least one but less than two academic years in Foreign Languages, Literatures, And Linguistics.",academics,program.certificate_lt_2_yr.language,CIP16CERT2,,,,,
"Associate degree in Foreign Languages, Literatures, And Linguistics.",academics,program.assoc.language,CIP16ASSOC,,,,,
"Award of more than two but less than four academic years in Foreign Languages, Literatures, And Linguistics.",academics,program.certificate_lt_4_yr.language,CIP16CERT4,,,,,
"Bachelor's degree in Foreign Languages, Literatures, And Linguistics.",academics,program.bachelors.language,CIP16BACHL,,,,,
Certificate of less than one academic year in Family And Consumer Sciences/Human Sciences.,academics,program.certificate_lt_1_yr.family_consumer_science,CIP19CERT1,,,,,
Certificate of at least one but less than two academic years in Family And Consumer Sciences/Human Sciences.,academics,program.certificate_lt_2_yr.family_consumer_science,CIP19CERT2,,,,,
Associate degree in Family And Consumer Sciences/Human Sciences.,academics,program.assoc.family_consumer_science,CIP19ASSOC,,,,,
Award of more than two but less than four academic years in Family And Consumer Sciences/Human Sciences.,academics,program.certificate_lt_4_yr.family_consumer_science,CIP19CERT4,,,,,
Bachelor's degree in Family And Consumer Sciences/Human Sciences.,academics,program.bachelors.family_consumer_science,CIP19BACHL,,,,,
Certificate of less than one academic year in Legal Professions And Studies.,academics,program.certificate_lt_1_yr.legal,CIP22CERT1,,,,,
Certificate of at least one but less than two academic years in Legal Professions And Studies.,academics,program.certificate_lt_2_yr.legal,CIP22CERT2,,,,,
Associate degree in Legal Professions And Studies.,academics,program.assoc.legal,CIP22ASSOC,,,,,
Award of more than two but less than four academic years in Legal Professions And Studies.,academics,program.certificate_lt_4_yr.legal,CIP22CERT4,,,,,
Bachelor's degree in Legal Professions And Studies.,academics,program.bachelors.legal,CIP22BACHL,,,,,
Certificate of less than one academic year in English Language And Literature/Letters.,academics,program.certificate_lt_1_yr.english,CIP23CERT1,,,,,
Certificate of at least one but less than two academic years in English Language And Literature/Letters.,academics,program.certificate_lt_2_yr.english,CIP23CERT2,,,,,
Associate degree in English Language And Literature/Letters.,academics,program.assoc.english,CIP23ASSOC,,,,,
Award of more than two but less than four academic years in English Language And Literature/Letters.,academics,program.certificate_lt_4_yr.english,CIP23CERT4,,,,,
Bachelor's degree in English Language And Literature/Letters.,academics,program.bachelors.english,CIP23BACHL,,,,,
"Certificate of less than one academic year in Liberal Arts And Sciences, General Studies And Humanities.",academics,program.certificate_lt_1_yr.humanities,CIP24CERT1,,,,,
"Certificate of at least one but less than two academic years in Liberal Arts And Sciences, General Studies And Humanities.",academics,program.certificate_lt_2_yr.humanities,CIP24CERT2,,,,,
"Associate degree in Liberal Arts And Sciences, General Studies And Humanities.",academics,program.assoc.humanities,CIP24ASSOC,,,,,
"Award of more than two but less than four academic years in Liberal Arts And Sciences, General Studies And Humanities.",academics,program.certificate_lt_4_yr.humanities,CIP24CERT4,,,,,
"Bachelor's degree in Liberal Arts And Sciences, General Studies And Humanities.",academics,program.bachelors.humanities,CIP24BACHL,,,,,
Certificate of less than one academic year in Library Science.,academics,program.certificate_lt_1_yr.library,CIP25CERT1,,,,,
Certificate of at least one but less than two academic years in Library Science.,academics,program.certificate_lt_2_yr.library,CIP25CERT2,,,,,
Associate degree in Library Science.,academics,program.assoc.library,CIP25ASSOC,,,,,
Award of more than two but less than four academic years in Library Science.,academics,program.certificate_lt_4_yr.library,CIP25CERT4,,,,,
Bachelor's degree in Library Science.,academics,program.bachelors.library,CIP25BACHL,,,,,
Certificate of less than one academic year in Biological And Biomedical Sciences.,academics,program.certificate_lt_1_yr.biological,CIP26CERT1,,,,,
Certificate of at least one but less than two academic years in Biological And Biomedical Sciences.,academics,program.certificate_lt_2_yr.biological,CIP26CERT2,,,,,
Associate degree in Biological And Biomedical Sciences.,academics,program.assoc.biological,CIP26ASSOC,,,,,
Award of more than two but less than four academic years in Biological And Biomedical Sciences.,academics,program.certificate_lt_4_yr.biological,CIP26CERT4,,,,,
Bachelor's degree in Biological And Biomedical Sciences.,academics,program.bachelors.biological,CIP26BACHL,,,,,
Certificate of less than one academic year in Mathematics And Statistics.,academics,program.certificate_lt_1_yr.mathematics,CIP27CERT1,,,,,
Certificate of at least one but less than two academic years in Mathematics And Statistics.,academics,program.certificate_lt_2_yr.mathematics,CIP27CERT2,,,,,
Associate degree in Mathematics And Statistics.,academics,program.assoc.mathematics,CIP27ASSOC,,,,,
Award of more than two but less than four academic years in Mathematics And Statistics.,academics,program.certificate_lt_4_yr.mathematics,CIP27CERT4,,,,,
Bachelor's degree in Mathematics And Statistics.,academics,program.bachelors.mathematics,CIP27BACHL,,,,,
Certificate of less than one academic year in Military Technologies And Applied Sciences.,academics,program.certificate_lt_1_yr.military,CIP29CERT1,,,,,
Certificate of at least one but less than two academic years in Military Technologies And Applied Sciences.,academics,program.certificate_lt_2_yr.military,CIP29CERT2,,,,,
Associate degree in Military Technologies And Applied Sciences.,academics,program.assoc.military,CIP29ASSOC,,,,,
Award of more than two but less than four academic years in Military Technologies And Applied Sciences.,academics,program.certificate_lt_4_yr.military,CIP29CERT4,,,,,
Bachelor's degree in Military Technologies And Applied Sciences.,academics,program.bachelors.military,CIP29BACHL,,,,,
Certificate of less than one academic year in Multi/Interdisciplinary Studies.,academics,program.certificate_lt_1_yr.multidiscipline,CIP30CERT1,,,,,
Certificate of at least one but less than two academic years in Multi/Interdisciplinary Studies.,academics,program.certificate_lt_2_yr.multidiscipline,CIP30CERT2,,,,,
Associate degree in Multi/Interdisciplinary Studies.,academics,program.assoc.multidiscipline,CIP30ASSOC,,,,,
Award of more than two but less than four academic years in Multi/Interdisciplinary Studies.,academics,program.certificate_lt_4_yr.multidiscipline,CIP30CERT4,,,,,
Bachelor's degree in Multi/Interdisciplinary Studies.,academics,program.bachelors.multidiscipline,CIP30BACHL,,,,,
"Certificate of less than one academic year in Parks, Recreation, Leisure, And Fitness Studies.",academics,program.certificate_lt_1_yr.parks_recreation_fitness,CIP31CERT1,,,,,
"Certificate of at least one but less than two academic years in Parks, Recreation, Leisure, And Fitness Studies.",academics,program.certificate_lt_2_yr.parks_recreation_fitness,CIP31CERT2,,,,,
"Associate degree in Parks, Recreation, Leisure, And Fitness Studies.",academics,program.assoc.parks_recreation_fitness,CIP31ASSOC,,,,,
"Award of more than two but less than four academic years in Parks, Recreation, Leisure, And Fitness Studies.",academics,program.certificate_lt_4_yr.parks_recreation_fitness,CIP31CERT4,,,,,
"Bachelor's degree in Parks, Recreation, Leisure, And Fitness Studies.",academics,program.bachelors.parks_recreation_fitness,CIP31BACHL,,,,,
Certificate of less than one academic year in Philosophy And Religious Studies.,academics,program.certificate_lt_1_yr.philosophy_religious,CIP38CERT1,,,,,
Certificate of at least one but less than two academic years in Philosophy And Religious Studies.,academics,program.certificate_lt_2_yr.philosophy_religious,CIP38CERT2,,,,,
Associate degree in Philosophy And Religious Studies.,academics,program.assoc.philosophy_religious,CIP38ASSOC,,,,,
Award of more than two but less than four academic years in Philosophy And Religious Studies.,academics,program.certificate_lt_4_yr.philosophy_religious,CIP38CERT4,,,,,
Bachelor's degree in Philosophy And Religious Studies.,academics,program.bachelors.philosophy_religious,CIP38BACHL,,,,,
Certificate of less than one academic year in Theology And Religious Vocations.,academics,program.certificate_lt_1_yr.theology_religious_vocation,CIP39CERT1,,,,,
Certificate of at least one but less than two academic years in Theology And Religious Vocations.,academics,program.certificate_lt_2_yr.theology_religious_vocation,CIP39CERT2,,,,,
Associate degree in Theology And Religious Vocations.,academics,program.assoc.theology_religious_vocation,CIP39ASSOC,,,,,
Award of more than two but less than four academic years in Theology And Religious Vocations.,academics,program.certificate_lt_4_yr.theology_religious_vocation,CIP39CERT4,,,,,
Bachelor's degree in Theology And Religious Vocations.,academics,program.bachelors.theology_religious_vocation,CIP39BACHL,,,,,
Certificate of less than one academic year in Physical Sciences.,academics,program.certificate_lt_1_yr.physical_science,CIP40CERT1,,,,,
Certificate of at least one but less than two academic years in Physical Sciences.,academics,program.certificate_lt_2_yr.physical_science,CIP40CERT2,,,,,
Associate degree in Physical Sciences.,academics,program.assoc.physical_science,CIP40ASSOC,,,,,
Award of more than two but less than four academic years in Physical Sciences.,academics,program.certificate_lt_4_yr.physical_science,CIP40CERT4,,,,,
Bachelor's degree in Physical Sciences.,academics,program.bachelors.physical_science,CIP40BACHL,,,,,
Certificate of less than one academic year in Science Technologies/Technicians.,academics,program.certificate_lt_1_yr.science_technology,CIP41CERT1,,,,,
Certificate of at least one but less than two academic years in Science Technologies/Technicians.,academics,program.certificate_lt_2_yr.science_technology,CIP41CERT2,,,,,
Associate degree in Science Technologies/Technicians.,academics,program.assoc.science_technology,CIP41ASSOC,,,,,
Award of more than two but less than four academic years in Science Technologies/Technicians.,academics,program.certificate_lt_4_yr.science_technology,CIP41CERT4,,,,,
Bachelor's degree in Science Technologies/Technicians.,academics,program.bachelors.science_technology,CIP41BACHL,,,,,
Certificate of less than one academic year in Psychology.,academics,program.certificate_lt_1_yr.psychology,CIP42CERT1,,,,,
Certificate of at least one but less than two academic years in Psychology.,academics,program.certificate_lt_2_yr.psychology,CIP42CERT2,,,,,
Associate degree in Psychology.,academics,program.assoc.psychology,CIP42ASSOC,,,,,
Award of more than two but less than four academic years in Psychology.,academics,program.certificate_lt_4_yr.psychology,CIP42CERT4,,,,,
Bachelor's degree in Psychology.,academics,program.bachelors.psychology,CIP42BACHL,,,,,
"Certificate of less than one academic year in Homeland Security, Law Enforcement, Firefighting And Related Protective Services.",academics,program.certificate_lt_1_yr.security_law_enforcement,CIP43CERT1,,,,,
"Certificate of at least one but less than two academic years in Homeland Security, Law Enforcement, Firefighting And Related Protective Services.",academics,program.certificate_lt_2_yr.security_law_enforcement,CIP43CERT2,,,,,
"Associate degree in Homeland Security, Law Enforcement, Firefighting And Related Protective Services.",academics,program.assoc.security_law_enforcement,CIP43ASSOC,,,,,
"Award of more than two but less than four academic years in Homeland Security, Law Enforcement, Firefighting And Related Protective Services.",academics,program.certificate_lt_4_yr.security_law_enforcement,CIP43CERT4,,,,,
"Bachelor's degree in Homeland Security, Law Enforcement, Firefighting And Related Protective Services.",academics,program.bachelors.security_law_enforcement,CIP43BACHL,,,,,
Certificate of less than one academic year in Public Administration And Social Service Professions.,academics,program.certificate_lt_1_yr.public_administration_social_service,CIP44CERT1,,,,,
Certificate of at least one but less than two academic years in Public Administration And Social Service Professions.,academics,program.certificate_lt_2_yr.public_administration_social_service,CIP44CERT2,,,,,
Associate degree in Public Administration And Social Service Professions.,academics,program.assoc.public_administration_social_service,CIP44ASSOC,,,,,
Award of more than two but less than four academic years in Public Administration And Social Service Professions.,academics,program.certificate_lt_4_yr.public_administration_social_service,CIP44CERT4,,,,,
Bachelor's degree in Public Administration And Social Service Professions.,academics,program.bachelors.public_administration_social_service,CIP44BACHL,,,,,
Certificate of less than one academic year in Social Sciences.,academics,program.certificate_lt_1_yr.social_science,CIP45CERT1,,,,,
Certificate of at least one but less than two academic years in Social Sciences.,academics,program.certificate_lt_2_yr.social_science,CIP45CERT2,,,,,
Associate degree in Social Sciences.,academics,program.assoc.social_science,CIP45ASSOC,,,,,
Award of more than two but less than four academic years in Social Sciences.,academics,program.certificate_lt_4_yr.social_science,CIP45CERT4,,,,,
Bachelor's degree in Social Sciences.,academics,program.bachelors.social_science,CIP45BACHL,,,,,
Certificate of less than one academic year in Construction Trades.,academics,program.certificate_lt_1_yr.construction,CIP46CERT1,,,,,
Certificate of at least one but less than two academic years in Construction Trades.,academics,program.certificate_lt_2_yr.construction,CIP46CERT2,,,,,
Associate degree in Construction Trades.,academics,program.assoc.construction,CIP46ASSOC,,,,,
Award of more than two but less than four academic years in Construction Trades.,academics,program.certificate_lt_4_yr.construction,CIP46CERT4,,,,,
Bachelor's degree in Construction Trades.,academics,program.bachelors.construction,CIP46BACHL,,,,,
Certificate of less than one academic year in Mechanic And Repair Technologies/Technicians.,academics,program.certificate_lt_1_yr.mechanic_repair_technology,CIP47CERT1,,,,,
Certificate of at least one but less than two academic years in Mechanic And Repair Technologies/Technicians.,academics,program.certificate_lt_2_yr.mechanic_repair_technology,CIP47CERT2,,,,,
Associate degree in Mechanic And Repair Technologies/Technicians.,academics,program.assoc.mechanic_repair_technology,CIP47ASSOC,,,,,
Award of more than two but less than four academic years in Mechanic And Repair Technologies/Technicians.,academics,program.certificate_lt_4_yr.mechanic_repair_technology,CIP47CERT4,,,,,
Bachelor's degree in Mechanic And Repair Technologies/Technicians.,academics,program.bachelors.mechanic_repair_technology,CIP47BACHL,,,,,
Certificate of less than one academic year in Precision Production.,academics,program.certificate_lt_1_yr.precision_production,CIP48CERT1,,,,,
Certificate of at least one but less than two academic years in Precision Production.,academics,program.certificate_lt_2_yr.precision_production,CIP48CERT2,,,,,
Associate degree in Precision Production.,academics,program.assoc.precision_production,CIP48ASSOC,,,,,
Award of more than two but less than four academic years in Precision Production.,academics,program.certificate_lt_4_yr.precision_production,CIP48CERT4,,,,,
Bachelor's degree in Precision Production.,academics,program.bachelors.precision_production,CIP48BACHL,,,,,
Certificate of less than one academic year in Transportation And Materials Moving.,academics,program.certificate_lt_1_yr.transportation,CIP49CERT1,,,,,
Certificate of at least one but less than two academic years in Transportation And Materials Moving.,academics,program.certificate_lt_2_yr.transportation,CIP49CERT2,,,,,
Associate degree in Transportation And Materials Moving.,academics,program.assoc.transportation,CIP49ASSOC,,,,,
Award of more than two but less than four academic years in Transportation And Materials Moving.,academics,program.certificate_lt_4_yr.transportation,CIP49CERT4,,,,,
Bachelor's degree in Transportation And Materials Moving.,academics,program.bachelors.transportation,CIP49BACHL,,,,,
Certificate of less than one academic year in Visual And Performing Arts.,academics,program.certificate_lt_1_yr.visual_performing,CIP50CERT1,,,,,
Certificate of at least one but less than two academic years in Visual And Performing Arts.,academics,program.certificate_lt_2_yr.visual_performing,CIP50CERT2,,,,,
Associate degree in Visual And Performing Arts.,academics,program.assoc.visual_performing,CIP50ASSOC,,,,,
Award of more than two but less than four academic years in Visual And Performing Arts.,academics,program.certificate_lt_4_yr.visual_performing,CIP50CERT4,,,,,
Bachelor's degree in Visual And Performing Arts.,academics,program.bachelors.visual_performing,CIP50BACHL,,,,,
Certificate of less than one academic year in Health Professions And Related Programs.,academics,program.certificate_lt_1_yr.health,CIP51CERT1,,,,,
Certificate of at least one but less than two academic years in Health Professions And Related Programs.,academics,program.certificate_lt_2_yr.health,CIP51CERT2,,,,,
Associate degree in Health Professions And Related Programs.,academics,program.assoc.health,CIP51ASSOC,,,,,
Award of more than two but less than four academic years in Health Professions And Related Programs.,academics,program.certificate_lt_4_yr.health,CIP51CERT4,,,,,
Bachelor's degree in Health Professions And Related Programs.,academics,program.bachelors.health,CIP51BACHL,,,,,
"Certificate of less than one academic year in Business, Management, Marketing, And Related Support Services.",academics,program.certificate_lt_1_yr.business_marketing,CIP52CERT1,,,,,
"Certificate of at least one but less than two academic years in Business, Management, Marketing, And Related Support Services.",academics,program.certificate_lt_2_yr.business_marketing,CIP52CERT2,,,,,
"Associate degree in Business, Management, Marketing, And Related Support Services.",academics,program.assoc.business_marketing,CIP52ASSOC,,,,,
"Award of more than two but less than four academic years in Business, Management, Marketing, And Related Support Services.",academics,program.certificate_lt_4_yr.business_marketing,CIP52CERT4,,,,,
"Bachelor's degree in Business, Management, Marketing, And Related Support Services.",academics,program.bachelors.business_marketing,CIP52BACHL,,,,,
Certificate of less than one academic year in History.,academics,program.certificate_lt_1_yr.history,CIP54CERT1,,,,,
Certificate of at least one but less than two academic years in History.,academics,program.certificate_lt_2_yr.history,CIP54CERT2,,,,,
Associate degree in History.,academics,program.assoc.history,CIP54ASSOC,,,,,
Award of more than two but less than four academic years in History.,academics,program.certificate_lt_4_yr.history,CIP54CERT4,,,,,
Bachelor's degree in History.,academics,program.bachelors.history,CIP54BACHL,,,,,
Enrollment of undergraduate degree-seeking students,student,size,UGDS, ,,"To be bucketed into size categories (College Navigator: <2k, 2-15k, >15k)",,
Enrollment of all undergraduate students,student,enrollment.all,UG,,,,,
Total share of enrollment of undergraduate degree-seeking students who are white,student,demographics.race_ethnicity.white,UGDS_WHITE,,,Not before 2009,,
Total share of enrollment of undergraduate degree-seeking students who are black,student,demographics.race_ethnicity.black,UGDS_BLACK,,,Pre2009_IPEDS,,
Total share of enrollment of undergraduate degree-seeking students who are Hispanic,student,demographics.race_ethnicity.hispanic,UGDS_HISP,,,,,
Total share of enrollment of undergraduate degree-seeking students who are Asian,student,demographics.race_ethnicity.asian,UGDS_ASIAN,,,,,
Total share of enrollment of undergraduate degree-seeking students who are American Indian/Alaska Native,student,demographics.race_ethnicity.aian,UGDS_AIAN,,,,,
Total share of enrollment of undergraduate degree-seeking students who are Native Hawaiian/Pacific Islander,student,demographics.race_ethnicity.nhpi,UGDS_NHPI,,,,,
Total share of enrollment of undergraduate degree-seeking students who are two or more races,student,demographics.race_ethnicity.two_or_more,UGDS_2MOR,,,,,
Total share of enrollment of undergraduate degree-seeking students who are non-resident aliens,student,demographics.race_ethnicity.non_resident_alien,UGDS_NRA,,,,,
Total share of enrollment of undergraduate degree-seeking students whose race is unknown,student,demographics.race_ethnicity.unknown,UGDS_UNKN,,,,,
Total share of enrollment of undergraduate degree-seeking students who are white non-Hispanic,student,demographics.race_ethnicity.white_non_hispanic,UGDS_WHITENH,,,Not after 2009 (2009 transition year),,
Total share of enrollment of undergraduate degree-seeking students who are black non-Hispanic,student,demographics.race_ethnicity.black_non_hispanic,UGDS_BLACKNH,,,,,
Total share of enrollment of undergraduate degree-seeking students who are Asian/Pacific Islander,student,demographics.race_ethnicity.asian_pacific_islander,UGDS_API,,,,,
Total share of enrollment of undergraduate degree-seeking students who are American Indian/Alaska Native,student,demographics.race_ethnicity.aian_prior_2009,UGDS_AIANOld,,,,,
Total share of enrollment of undergraduate degree-seeking students who are Hispanic,student,demographics.race_ethnicity.hispanic_prior_2009,UGDS_HISPOld,,,,,
Total share of enrollment of undergraduate students who are non-resident aliens,student,demographics.non_resident_aliens_2000,UG_NRA,,,Not after 2000,,
Total share of enrollment of undergraduate students whose race is unknown,student,demographics.race_ethnicity.unknown_2000,UG_UNKN,,,,,
Total share of enrollment of undergraduate students who are white non-Hispanic,student,demographics.race_ethnicity.white_2000,UG_WHITENH,,,,,
Total share of enrollment of undergraduate students who are black non-Hispanic,student,demographics.race_ethnicity.black_2000,UG_BLACKNH,,,,,
Total share of enrollment of undergraduate students who are Asian/Pacific Islander,student,demographics.race_ethnicity.api_2000,UG_API,,,,,
Total share of enrollment of undergraduate students who are American Indian/Alaska Native,student,demographics.race_ethnicity.aian_2000,UG_AIANOld,,,,,
Total share of enrollment of undergraduate students who are Hispanic,student,demographics.race_ethnicity.hispanic_2000,UG_HISPOld,,,,,
"Share of undergraduate, degree-/certificate-seeking students who are part-time",student,part_time_share,PPTUG_EF, ,,"The proportion of degree/certificate-seeking undergraduates enrolled part time in the fall term, calculated from the IPEDS Fall Enrollment component. This metric does not apply during 2000-01, when degree/certificate-seeking status was not collected. It is calculated as the number of part-time, degree/certificate-seeking undergraduates divided by the number of degree/certificate-seeking undergraduates. It includes non-first-time undergraduates. Proportions are expressed as decimals rounded to four decimal places, so, for example, 0.1234 equals 12.34 percent.
",,
"Share of undergraduate, degree-/certificate-seeking students who are part-time",student,part_time_share,PPTUG_EF2,,,Not after 2000,,
"Flag for currently operating institution, 0=closed, 1=operating",school,operating,CURROPER,0,Not currently certified as an operating institution,,,
,,,,1,Currently certified as operating,,,
Average net price for Title IV institutions (public institutions),cost,avg_net_price.public,NPT4_PUB,,,"The average annual total cost of attendance (CostT4_A, CostT4_P), including tuition and fees, books and supplies, and living expenses, minus the average grant/scholarship aid. It is calculated for all full-time, first-time, degree/certificate-seeking undergraduates who receive Title IV aid. It is included in the IPEDS Student Financial Aid component. Separate metrics are calculated for public institutions and private institutions. For academic-year institutions, net price represents an average of all programs and includes only undergraduates who first enrolled in the fall term. For non-academic-year institutions (program or continuous enrollment), net price represents the program with the largest enrollment at the institution for the length of the full program, regardless of program length (see LProgram), and it includes undergraduates who first enrolled at any time during the academic year. For public institutions, this metric is limited to undergraduates who pay in-state tuition and receive Title IV aid. For private institutions, it includes all undergraduates who receive Title IV aid. The total cost of attendance depends on whether undergraduates live on campus, off campus (not with family), or off campus (with family).",,
Average net price for Title IV institutions (private for-profit and nonprofit institutions),cost,avg_net_price.private,NPT4_PRIV,,,,,
Average net price for the largest program at the institution for program-year institutions,cost,avg_net_price.program_year,NPT4_PROG,,,,,
"Average net price for the largest program at the institution for schools on ""other"" academic year calendars",cost,avg_net_price.other_academic_year,NPT4_OTHER,,,,,
"Average net price for $0-$30,000 family income (public institutions)",cost,net_price.public.by_income_level.0-30000,NPT41_PUB,,,"The average annual total cost of attendance (CostT4_A, CostT4_P), including tuition and fees, books and supplies, and living expenses, minus the average grant/scholarship aid, by detailed income category. It is calculated for all full-time, first-time, degree/certificate-seeking undergraduates who receive Title IV aid. It is included in the IPEDS Student Financial Aid component. Separate metrics are calculated for public institutions and private institutions for each of five income categories. Average net price (NPT4_PUB, NPT4_PRIV) for each of the following five income categories: $0$30,000; $30,001$48,000; $48,001$75,000; $75,001$110,000; $110,001 or more. For public institutions, this metric is limited to undergraduates who pay in-state tuition and receive Title IV aid. For private institutions, it includes all undergraduates who receive Title IV aid. The total cost of attendance depends on whether undergraduates live on campus, off campus (not with family), or off campus (with family). Income categories are calculated from the income values used by the institution to calculate financial aid eligibility. For a dependent student, this includes the students and the parents income. For an independent student, this includes the students adjusted gross income and, if the student is married, the spouses income. This metric is not available prior to the 200910 academic year.
",,
"Average net price for $30,001-$48,000 family income (public institutions)",cost,net_price.public.by_income_level.30001-48000,NPT42_PUB,,,,,
"Average net price for $48,001-$75,000 family income (public institutions)",cost,net_price.public.by_income_level.48001-75000,NPT43_PUB,,,,,
"Average net price for $75,001-$110,000 family income (public institutions)",cost,net_price.public.by_income_level.75001-110000,NPT44_PUB,,,,,
"Average net price for $110,000+ family income (public institutions)",cost,net_price.public.by_income_level.110001-plus,NPT45_PUB,,,,,
"Average net price for $0-$30,000 family income (private for-profit and nonprofit institutions)",cost,net_price.private.by_income_level.0-30000,NPT41_PRIV,,,,,
"Average net price for $30,001-$48,000 family income (private for-profit and nonprofit institutions)",cost,net_price.private.by_income_level.30001-48000,NPT42_PRIV,,,,,
"Average net price for $48,001-$75,000 family income (private for-profit and nonprofit institutions)",cost,net_price.private.by_income_level.48001-75000,NPT43_PRIV,,,,,
"Average net price for $75,001-$110,000 family income (private for-profit and nonprofit institutions)",cost,net_price.private.by_income_level.75001-110000,NPT44_PRIV,,,,,
"Average net price for $110,000+ family income (private for-profit and nonprofit institutions)",cost,net_price.private.by_income_level.110001-plus,NPT45_PRIV,,,,,
"Average net price for $0-$30,000 family income (program-year institutions)",cost,net_price.program_reporter.by_income_level.0-30000,NPT41_PROG,,,,,
"Average net price for $30,001-$48,000 family income (program-year institutions)",cost,net_price.program_reporter.by_income_level.30001-48000,NPT42_PROG,,,,,
"Average net price for $48,001-$75,000 family income (program-year institutions)",cost,net_price.program_reporter.by_income_level.48001-75000,NPT43_PROG,,,,,
"Average net price for $75,001-$110,000 family income (program-year institutions)",cost,net_price.program_reporter.by_income_level.75001-110000,NPT44_PROG,,,,,
"Average net price for $110,000+ family income (program-year institutions)",cost,net_price.program_reporter.by_income_level.110001-plus,NPT45_PROG,,,,,
"Average net price for $0-$30,000 family income (other academic calendar institutions)",cost,net_price.other_acad_calendar.by_income_level.0-30000,NPT41_OTHER,,,,,
"Average net price for $30,001-$48,000 family income (other academic calendar institutions)",cost,net_price.other_acad_calendar.by_income_level.30001-48000,NPT42_OTHER,,,,,
"Average net price for $48,001-$75,000 family income (other academic calendar institutions)",cost,net_price.other_acad_calendar.by_income_level.48001-75000,NPT43_OTHER,,,,,
"Average net price for $75,001-$110,000 family income (other academic calendar institutions)",cost,net_price.other_acad_calendar.by_income_level.75001-110000,NPT44_OTHER,,,,,
"Average net price for $110,000+ family income (other academic calendar institutions)",cost,net_price.other_acad_calendar.by_income_level.110001-plus,NPT45_OTHER,,,,,
"Average net price for $0-$48,000 family income (public institutions)",cost,net_price.public.by_income_level.0-48000,NPT4_048_PUB,,,"The average annual total cost of attendance (CostT4_A, CostT4_P), including tuition and fees, books and supplies, and living expenses, minus the average grant/scholarship aid, by aggregated income category. It is calculated for all full-time, first-time, degree/certificate-seeking undergraduates who receive Title IV aid. It is included in the IPEDS Student Financial Aid component. Separate metrics are calculated for public institutions and private institutions for each of three aggregated income categories. Average net price (NPT4_PUB, NPT4_PRIV) for each of the following three aggregated income categories: $0$48,000; $48,001$75,000; $75,001 or more. For public institutions, this metric is limited to undergraduates who pay in-state tuition and receive Title IV aid. For private institutions, it includes all undergraduates who receive Title IV aid. The total cost of attendance depends on whether undergraduates live on campus, off campus (not with family), or off campus (with family).
Income categories are calculated from the income values used by the institution to calculate financial aid eligibility. For a dependent student, this includes the students and the parents income. For an independent student, this includes the students adjusted gross income and, if the student is married, the spouses income. This metric is not available prior to the 200809 academic year.
",,
"Average net price for $0-$48,000 family income (private for-profit and nonprofit institutions)",cost,net_price.private.by_income_level.0-48000,NPT4_048_PRIV,,,,,
"Average net price for $0-$48,000 family income (program-year institutions)",cost,net_price.program_reporter.by_income_level.0-48000,NPT4_048_PROG,,,,,
"Average net price for $0-$48,000 family income (other academic calendar institutions)",cost,net_price.other_acad_calendar.by_income_level.0-48000,NPT4_048_OTHER,,,,,
"Average net price for $30,001-$75,000 family income (public institutions)",cost,net_price.public.by_income_level.30001-75000,NPT4_3075_PUB,,,,,
"Average net price for $30,001-$75,000 family income (private for-profit and nonprofit institutions)",cost,net_price.private.by_income_level.30001-75000,NPT4_3075_PRIV,,,,,
"Average net price for $75,000+ family income (public institutions)",cost,net_price.public.by_income_level.75000-plus,NPT4_75UP_PUB,,,,,
"Average net price for $75,000+ family income (private for-profit and nonprofit institutions)",cost,net_price.private.by_income_level.75000-plus,NPT4_75UP_PRIV,,,,,
"Average net price for $30,001-$75,000 family income (program-year institutions)",cost,net_price.program_reporter.by_income_level.30001-75000,NPT4_3075_PROG,,,,,
"Average net price for $30,001-$75,000 family income (other academic calendar institutions)",cost,net_price.other_acad_calendar.by_income_level.30001-75000,NPT4_3075_OTHER,,,,,
"Average net price for $75,000+ family income (program-year institutions)",cost,net_price.program_reporter.by_income_level.75000-plus,NPT4_75UP_PROG,,,,,
"Average net price for $75,000+ family income (other academic calendar institutions)",cost,net_price.other_acad_calendar.by_income_level.75000-plus,NPT4_75UP_OTHER,,,,,
Average cost of attendance (academic year institutions),cost,attendance.academic_year,COSTT4_A,,,"The average annual total cost of attendance, including tuition and fees, books and supplies, and living expenses for all full-time, first-time, degree/certificate-seeking undergraduates who receive Title IV aid. It is calculated from values in the IPEDS Institutional Characteristics and Student Financial Aid components. Separate metrics are calculated for academic-year institutions and program-year institutions. For academic-year institutions, average cost of attendance represents an average of all programs and includes only undergraduates who first enrolled in the fall term. For non-academic-year institutions (program or continuous enrollment), average cost of attendance represents the program with the largest enrollment at the institution for the length of the full program (see LProgram), regardless of program length, and it includes undergraduates who first enrolled at any time during the academic year.
",,
Average cost of attendance (program-year institutions),cost,attendance.program_year,COSTT4_P,,,,,
In-state tuition and fees,cost,tuition.in_state,TUITIONFEE_IN,,,,,
Out-of-state tuition and fees,cost,tuition.out_of_state,TUITIONFEE_OUT,,,,,
Tuition and fees for program-year institutions,cost,tuition.program_year,TUITIONFEE_PROG,,,,,
Net tuition revenue per full-time equivalent student,school,tuition_revenue_per_fte,TUITFTE, ,,"Net tuition revenue (tuition revenue minus discounts and allowances) divided by the number of FTE students (undergraduates and graduate students) (http://nces.ed.gov/ipeds/glossary/index.asp?id=854). Net tuition revenue is included in the IPEDS Finances component and FTE enrollment is included in the IPEDS 12-month enrollment component. This metric includes graduate students. 
",,
Instructional expenditures per full-time equivalent student,school,instructional_expenditure_per_fte,INEXPFTE, ,,"Instructional expenditures divided by the number of FTE students (undergraduates and graduate students) (http://nces.ed.gov/ipeds/glossary/index.asp?id=854). Instructional expenditures are included in the IPEDS Finances component and FTE enrollment is included in the IPEDS 12-month enrollment component. This metric includes graduate students. 
",,
Proportion of faculty that is full-time,school,ft_faculty_rate,PFTFAC, ,,"Proportion of faculty that are employed full time, calculated from the IPEDS Human Resources component. This metric is calculated as the number of full-time nonmedical faculty divided by the total number of nonmedical faculty. Proportions are expressed as decimals rounded to four decimal places, so, for example, 0.1234 equals 12.34 percent.
",,
Percentage of undergraduates who receive a Pell Grant,aid,pell_grant_rate,PCTPELL, ,,"The proportion of undergraduates who received a Pell grant in the academic year, calculated from the IPEDS Student Financial Aid component. This metric is calculated by IPEDS as the quotient of the number of Pell grant recipients divided by the count of all undergraduates for either a fall enrollment cohort (for institutions that primarily follow an academic year calendar system) or a full-year enrollment cohort (for institutions that primarily follow a continuous enrollment or program-based calendar system). Proportions are expressed as decimals rounded to four decimal places, so, for example, 0.1234 equals 12.34 percent. This metric is not available prior to the 200809 academic year.
",,
"First-time, full-time student retention rate at four-year institutions",student,retention_rate.four_year.full_time,RET_FT4,,,,IPEDS,"The proportion of full-time, first-time, degree/certificate-seeking undergraduates who were enrolled at the institution in the fall 1 year after starting at the institution, calculated from the IPEDS Fall Enrollment component. Separate metrics are calculated for 4-year institutions and less-than-4-year institutions. The retention rate is calculated as the number of full-time, first-time, degree/certificate-seeking undergraduates enrolled in the fall term of the current academic year divided by the number of full-time, first-time, degree/certificate-seeking undergraduates enrolled in the fall of the prior academic year. This metric is not available prior to the 200405 academic year. Proportions are expressed as decimals rounded to four decimal places, so, for example, 0.1234 equals 12.34 percent."
"First-time, full-time student retention rate at less-than-four-year institutions",student,retention_rate.lt_four_year.full_time,RET_FTL4,,,,IPEDS,
"First-time, part-time student retention rate at four-year institutions",student,retention_rate.four_year.part_time,RET_PT4,,,,IPEDS,"The proportion of part-time, first-time, degree/certificate-seeking undergraduates who were enrolled at the institution in the fall 1 year after starting at the institution, calculated from the IPEDS Fall Enrollment component. Separate metrics are calculated for 4-year institutions and less-than-4-year institutions. The retention rate is calculated as the number of part-time, first-time, degree/certificate-seeking undergraduates enrolled in the fall term of the current academic year divided by the number of part-time, first-time, degree/certificate-seeking undergraduates enrolled in the fall of the prior academic year. This metric is not available prior to the 200405 academic year. Proportions are expressed as decimals rounded to four decimal places, so, for example, 0.1234 equals 12.34 percent.
"
"First-time, part-time student retention rate at less-than-four-year institutions",student,retention_rate.lt_four_year.part_time,RET_PTL4,,,,IPEDS,
